0x72,2b 97 f3 0a ea a2 48 01
0x73,8a 5f c6 cf bf d5 da be
0x80,e6 ea 8e 1b 2a 13 ec 7a
0x81,c7 b3 4e f0 aa 8d 27 a3
0x72,a7 24 77 be 2a 8d d0 65
0x73,d4 96 8a 17 4c 68 6c f0
0x80,e4 63 54 25 24 07 07 d2
0x81,de 5a 1b c6 7c a8 b2 00
0x72,79 c6 e0 6b 06 75 bc 84
0x73,05 c1 ba cb 43 b5 ca d5
0x80,78 fb af b4 06 a3 4f 2a
0x81,05 99 c4 9a 27 c9 d8 1e
0x72,d8 ad 7c f0 ec ec ed 0c
0x73,b0 e2 54 97 6c c1 e5 59
0x80,70 1a c4 a1 2b f9 80 1c
0x81,64 2f a3 d2 6b 2d 2a 16
0x72,5b b4 ae d9 10 8e dc cf
0x73,f9 3a 59 6f 1b f4 f2 4b
0x80,16 59 24 9d 78 d6 67 07
0x81,97 46 d6 6c a0 b4 58 42
0x72,f4 51 eb 58 ac a9 5a 45
0x73,7f a1 8e be eb 46 76 48
0x80,48 b1 10 00 9b 44 6d 38
0x81,9c 40 a9 1f 89 9e b9 71
0x72,78 a8 8d 87 09 3f ef c9
0x73,0d 7e 9a 99 e1 df a0 1d
0x80,17 ed 74 87 d2 33 d4 2e
0x81,3a a9 92 0e 9d 0d 3d 89
0x72,ef e4 30 2e 08 b8 24 8c
0x73,b4 04 eb 6c da be 2f 96
0x80,5e 5d d3 34 08 e6 6e f5
0x81,d1 0f 28 0e 9b bd e8 b1
0x72,a6 b8 fc 7f 94 85 c5 0d
0x73,66 78 f6 7d 8f 55 ce 4b
0x80,43 9d 98 84 20 3c 91 01
0x81,66 ca e6 00 81 c1 e4 c2
0x72,9f 0c cb 15 b7 4b 7e dc
0x73,36 58 da 94 98 fb 73 8c
0x80,78 6c dc 18 73 3e 6b 9a
0x81,9b f8 cf 31 70 b7 f5 85
0x72,20 fd b1 70 a2 c8 66 68
0x73,89 65 c9 fe 24 95 80 66
0x80,57 cd 59 b5 43 58 c7 b7
0x81,e9 b9 21 3d 0d 79 63 64
0x72,a0 8c 45 9e 5b 0a ae c7
0x73,1e c5 69 c6 61 1b ea c5
0x80,ac fb 84 43 bf 79 c4 4f
0x81,31 8f 99 d1 f1 25 80 eb
0x72,23 09 22 c7 68 f4 71 f2
0x73,46 69 4c e9 f4 9e ff 9b
0x80,b4 99 08 fe 43 0a 6a fd
0x81,76 15 3c 6a a1 7b 30 71
0x72,1b 51 e1 29 4d 16 e9 37
0x73,b2 7d 45 53 a6 66 fc 34
0x80,25 47 f0 7c f6 f6 e9 04
0x81,29 05 58 74 a9 97 4d 5f
0x72,ed be 77 cb d3 61 9c 19
0x73,bb 70 69 a8 0d 80 73 44
0x80,26 b2 f0 5d fa 58 62 90
0x81,89 ca 45 a6 87 e2 d5 98
0x72,e6 2b 53 a8 24 50 d7 d6
0x73,87 3f 1a fc 1e 15 1e 72
0x80,55 16 2e 54 c9 39 2a 6b
0x81,87 84 c7 a3 10 7d 49 ce
0x72,3b ca 11 d0 4e 92 19 32
0x73,86 03 69 82 3b 51 61 4b
0x80,2d e4 7c 9f 7e 3f f5 d9
0x81,c1 49 11 58 bc a5 8c 78
0x72,f6 ff 42 c5 14 13 31 14
0x73,3f 1b a1 e0 5d c0 ad 16
0x80,75 20 35 76 19 94 21 1f
0x81,cd db 9e 7f fa aa 1c ab
0x72,81 28 f4 58 1f d4 4b 32
0x73,8b 63 17 47 4d 6f 87 01
0x80,4e e6 2c 24 de 2a 66 8b
0x81,0a 61 99 5b f1 9f 5f 6d
0x72,98 9e 86 0f b9 04 10 05
0x73,e0 58 a5 b0 2b 95 fc 8b
0x80,3d c0 dd 65 76 0a 4c 6f
0x81,d8 bc 77 09 1e 0f 93 d9
0x72,c3 3d 06 f3 d9 b4 bb 60
0x73,2b 93 d3 40 25 e6 83 2d
0x80,f8 b2 a8 51 7e 1c 81 35
0x81,c3 e6 95 b5 c3 f8 4e 17
0x72,81 18 33 e9 80 03 3c 89
0x73,b8 31 ae a4 ec 65 51 48
0x80,8c 17 81 41 69 68 c2 e9
0x81,af 64 c7 9d 37 0f df ed
0x72,69 a3 9e 30 88 6b 2a 62
0x73,c6 8e 1f d0 c3 d6 f1 cf
0x80,12 d8 7c a3 e4 3c 2a 19
0x81,af 37 93 e8 80 80 13 89
0x72,c8 95 8e 17 d6 77 8f a4
0x73,29 38 06 84 a7 55 9e 1b
0x80,eb e0 cd 4a 85 4f 1c 9e
0x81,32 ad 72 af 9b 0e 8c ba
0x72,c3 06 45 74 9f d0 d6 be
0x73,fc 1e 43 98 25 cc ee 0f
0x80,ce 1b 75 bd 6c 20 6d 0c
0x81,c1 91 b8 70 ac f4 27 14
0x72,06 a3 41 b9 5f c7 77 f4
0x73,c4 6c 2e 57 3d 48 27 b5
0x80,df bb d5 b6 cb fb 0a db
0x81,b4 b1 23 13 e3 77 2a 2d
0x72,fb 69 ef 24 f5 19 79 75
0x73,49 99 56 13 a1 dc 68 53
0x80,9a b4 5a 5c 7c 88 3d 09
0x81,86 ba f1 4a 55 63 74 0d
0x72,0a d9 5f ce 10 2c 4e 5f
0x73,4e 78 98 5c 4e c4 45 8e
0x80,4d 7b 8f 87 bf 13 6d a5
0x81,7d 2c 10 b3 8b 38 99 3c
0x72,6e 9b 7b 5a c1 38 ad e6
0x73,ad 89 d8 3d 24 1c 7c 48
0x80,d4 bd 22 00 33 a8 bb fb
0x81,41 62 07 91 60 ca d8 d4
0x72,40 0a 3b 5e 07 b7 bf 34
0x73,8b 16 27 15 63 02 29 93
0x80,91 6e 60 c6 cc 11 77 cf
0x81,c7 b9 ac bf 7e 8c 2f 50
0x72,6e 7c b2 49 7f 7f c1 a8
0x73,00 74 0c 6b 51 4d 00 21
0x80,82 ec 43 43 a5 bc 77 0e
0x81,10 f2 4c 06 55 9c 91 fc
0x72,80 5e d6 37 7d 4c f6 a8
0x73,d4 8c 5b e9 c9 2d 4b 56
0x80,1e a4 6a b7 b5 45 8c a2
0x81,b3 61 81 ab 8c b2 2a 39
0x72,54 33 5f 6a 17 d7 13 27
0x73,cb 0e 6f fa ae 96 53 ea
0x80,4b 2c 93 5e 4b 26 07 2b
0x81,92 dd ec 3a d2 48 2a e7
0x72,90 ac ef 5d 06 2e 95 84
0x73,e0 cd 99 e6 0a 77 2e 49
0x80,14 da 86 ec c8 75 c8 0c
0x81,c2 70 ee f5 fd c1 8d 2a
0x72,ef 49 20 10 af de 82 25
0x73,30 38 95 7d 56 92 80 1a
0x80,69 ed 51 03 3f 0b 41 ca
0x81,98 35 a8 11 10 92 1c 5e
0x72,29 79 3f be cc 75 16 6a
0x73,bd a0 ac bd a7 fc 40 21
0x80,06 bc 8f c4 47 e9 42 c8
0x81,25 d7 e1 58 b6 95 1a d2
0x72,cf 0b d9 83 6e a5 1e c5
0x73,7e 6e f9 d7 94 cc a5 59
0x80,6b d2 f7 f7 89 22 d5 ad
0x81,5c 97 c3 ae 0d 7b dc 5f
0x72,d3 7f 68 89 46 82 08 fd
0x73,c3 e7 5a 2c 69 83 4c aa
0x80,0b 56 1d 17 08 68 9a 38
0x81,5e c0 f0 5b cf 51 14 4a
0x72,ab 2e 16 bd 25 72 08 60
0x73,77 77 c6 83 d4 08 c6 b8
0x80,5e e2 81 07 d4 bd b7 57
0x81,1d 2a b1 6c 78 68 23 18
0x72,aa 20 b6 6d 4e 76 93 ce
0x73,b4 22 d7 89 65 56 25 94
0x80,d6 7c 3f f0 d7 2c f4 58
0x81,15 b8 58 20 cb d7 b1 ce
0x72,cc bd b4 91 8c 52 94 ea
0x73,a7 fc 90 fc ee 08 ba 36
0x80,6b df 39 e4 eb b7 5b 12
0x81,2b 73 7a 1d a3 fe 7c 93
0x72,73 17 52 55 54 67 ac a4
0x73,f6 17 71 ab a0 1f 1f 21
0x80,b1 95 08 b5 73 03 a9 46
0x81,f1 ff 72 bb 96 05 8f 54
0x72,15 77 6c dd 49 78 ae 74
0x73,0c 87 50 fd 0e d4 bb 20
0x80,c3 87 f7 5d a0 43 95 ee
0x81,75 7f 10 f3 aa 9d 34 a2
0x72,9e 07 c0 41 c6 d0 04 00
0x73,1b 99 e9 6d 76 5b bb 62
0x80,ee d5 8f 28 1c 7c e3 d7
0x81,fc 42 ae 71 bc bd 69 a8
0x72,9d f5 e5 7d e2 c7 21 bf
0x73,ee 19 9f 2b e8 7e 13 db
0x80,5a ba 73 55 db aa e3 21
0x81,0d a3 22 17 4c 5b 6d 59
0x72,85 2f 23 2d 9a fc 50 60
0x73,fa bd 9f ff a1 32 73 cc
0x80,13 9e 68 46 30 67 0b 02
0x81,aa 2b e1 22 a1 ba cf 03
0x72,3d 70 60 f3 6b b3 26 57
0x73,79 a3 e4 85 d9 2d 76 39
0x80,fc 97 68 0a 1a 76 94 a2
0x81,b0 db fc 59 ba e8 5a ce
0x72,bf 9c 30 7d 9c 0f ef e4
0x73,b0 41 31 27 ef 08 a4 8d
0x80,c8 bf 0a 0c 9c 9f e4 c1
0x81,83 cd fa e7 6b 83 c0 97
0x72,bf 4f 41 09 ae dd 7f 2c
0x73,c3 b9 06 6d ab 94 a6 48
0x80,32 39 d2 b1 8e 18 cc 17
0x81,ff 2c c9 e0 20 91 be 49
0x72,e9 af c6 29 36 f1 8a 84
0x73,88 2e 88 be b7 b1 9a e2
0x80,8a 08 01 17 21 61 9e 6a
0x81,3f d7 bd 9e a3 ed 48 ff
0x72,6b 7d 96 ee 49 a3 0d 03
0x73,fc b0 e6 65 b3 15 db c4
0x80,5f 3c 59 4b fa ab bb 76
0x81,44 3c e6 02 c9 f1 76 ea
0x72,cc 43 45 b7 42 a3 72 5d
0x73,bc d0 4f 5a 20 76 de 66
0x80,8c c2 39 6c 51 41 93 8d
0x81,94 74 4c 5b 7d 12 d3 3c
0x72,ae 9d 20 4b 8d 56 96 a3
0x73,e4 19 70 55 48 1c 73 8a
0x80,ca 19 20 72 dd c1 e3 06
0x81,cc 8b 0c 8b 8b aa 57 d3
0x72,47 ab de 84 34 e4 49 51
0x73,2c e9 e9 01 74 d3 7f a9
0x80,46 bc a0 23 28 65 d3 a1
0x81,e4 4f 56 65 39 b8 84 5e
